ukscno,meter_no,meter_phase,tariff_category,date_time,op_rdgdt,bill_date,bill_processdt,rmd_kva,rmd_kwh,contract_load,billing_type,opening_kwh,opening_kvah,closing_kwh,closing_kvah,status,noof_months,billing_status,consumed_units,energy_consumed_amount,fixed_charges,minimum_charges,customer_charges,total_deduction_amount,ed_charges,op_balance,adj_charges,closing_balance,old_finkwh,old_finkvah,old_rmd,meter_chgdt,diff_amt,diff_amt_bldt,diff_amt_sentdt,scno,username,password
101465877,'A01712',1,1,01/10/2026 09:00:00 AM,01/09/2026,01/10/2026,01/10/2026,0.32,0.26,0.06,kWh,0,0,2290.89,3119.69,01,1,01,45.69,0,0,0,0,0,0,0,0,0,0,0,0,,0,,,021600859,WINAMR,********
101462621,'A01713',1,1,01/10/2026 11:00:00 PM,01/09/2026,01/10/2026,01/10/2026,0.60,0.56,1,kWh,0,0,3911.14,3996.47,01,1,01,109.39,0,0,0,0,0,0,0,0,0,0,0,0,,0,,,021601030,WINAMR,********
101466048,'A06549',1,1,01/10/2026 11:30:00 PM,01/09/2026,01/10/2026,01/10/2026,4.24,4.22,1,kWh,0,0,10817.99,11301.00,01,1,01,325.21,0,0,0,0,0,0,0,0,0,0,0,0,,0,,,021601164,WINAMR,********
101466067,'A04338',1,1,01/10/2026 11:30:00 PM,01/09/2026,01/10/2026,01/10/2026,1.68,1.66,1,kWh,0,0,7694.34,8082.89,01,1,01,105.34,0,0,0,0,0,0,0,0,0,0,0,0,,0,,,021601196,WINAMR,********
101466118,'A02183',1,1,01/10/2026 11:30:00 PM,01/09/2026,01/10/2026,01/10/2026,1.60,1.60,1,kWh,0,0,9488.30,10210.81,01,1,01,291.75,0,0,0,0,0,0,0,0,0,0,0,0,,0,,,021601307,WINAMR,********
101466123,'A04058',1,1,01/10/2026 11:30:00 PM,01/09/2026,01/10/2026,01/10/2026,1.12,1.12,1,kWh,0,0,3857.41,4315.76,01,1,01,102.34,0,0,0,0,0,0,0,0,0,0,0,0,,0,,,021601312,WINAMR,********
101466137,'A02688',1,1,01/10/2026 11:00:00 PM,01/09/2026,01/10/2026,01/10/2026,0.50,0.50,1,kWh,0,0,1641.31,1872.59,01,1,01,33.99,0,0,0,0,0,0,0,0,0,0,0,0,,0,,,021601340,WINAMR,********
101466203,'A03799',1,1,01/10/2026 11:30:00 PM,01/09/2026,01/10/2026,01/10/2026,0.52,0.48,1,kWh,0,0,6057.50,6437.19,01,1,01,127.3,0,0,0,0,0,0,0,0,0,0,0,0,,0,,,021601491,WINAMR,********
101462857,'A04939',1,1,01/10/2026 11:30:00 PM,01/09/2026,01/10/2026,01/10/2026,2.00,2.02,1,kWh,0,0,6883.87,7366.26,01,1,01,185.21,0,0,0,0,0,0,0,0,0,0,0,0,,0,,,021601701,WINAMR,********
101466398,'A00725',1,1,01/10/2026 11:30:00 PM,01/09/2026,01/10/2026,01/10/2026,0.46,0.42,1,kWh,0,0,3764.27,4260.15,01,1,01,136.36,0,0,0,0,0,0,0,0,0,0,0,0,,0,,,021601846,WINAMR,********
101463193,'A07719',1,1,01/10/2026 11:30:00 PM,01/09/2026,01/10/2026,01/10/2026,0.62,0.42,1,kWh,0,0,2816.87,3145.62,01,1,01,58.08,0,0,0,0,0,0,0,0,0,0,0,0,,0,,,021602420,WINAMR,********
101463227,'A01921',1,1,01/10/2026 10:00:00 PM,01/09/2026,01/10/2026,01/10/2026,1.04,0.74,2,kWh,0,0,3011.21,3166.51,01,1,01,28.11,0,0,0,0,0,0,0,0,0,0,0,0,,0,,,021602500,WINAMR,********
101466739,'A04924',1,1,01/10/2026 08:00:00 AM,01/09/2026,01/10/2026,01/10/2026,1.98,1.92,1,kWh,0,0,6033.57,6629.32,01,1,01,198.26,0,0,0,0,0,0,0,0,0,0,0,0,,0,,,021602559,WINAMR,********
101466776,'A01543',1,1,01/10/2026 11:30:00 PM,01/09/2026,01/10/2026,01/10/2026,2.64,2.58,2,kWh,0,0,3395.66,4478.03,01,1,01,84.4,0,0,0,0,0,0,0,0,0,0,0,0,,0,,,021602630,WINAMR,********
101463298,'A09445',1,1,01/10/2026 11:30:00 PM,01/09/2026,01/10/2026,01/10/2026,1.70,1.70,1,kWh,0,0,3622.98,4042.62,01,1,01,144.8,0,0,0,0,0,0,0,0,0,0,0,0,,0,,,021602659,WINAMR,********
101463324,'A05478',1,1,01/10/2026 11:30:00 PM,01/09/2026,01/10/2026,01/10/2026,1.76,1.76,1,kWh,0,0,7454.27,8728.01,01,1,01,165.83,0,0,0,0,0,0,0,0,0,0,0,0,,0,,,021602694,WINAMR,********
101466840,'A00980',1,1,01/10/2026 11:30:00 PM,01/09/2026,01/10/2026,01/10/2026,0.98,1.00,1,kWh,0,0,5293.70,5775.79,01,1,01,27.47,0,0,0,0,0,0,0,0,0,0,0,0,,0,,,021602797,WINAMR,********
101466846,'A08669',1,1,01/10/2026 10:00:00 PM,01/09/2026,01/10/2026,01/10/2026,2.12,2.10,1,kWh,0,0,3507.50,3630.90,01,1,01,223.82,0,0,0,0,0,0,0,0,0,0,0,0,,0,,,021602804,WINAMR,********
101463406,'A07774',1,1,01/10/2026 11:30:00 PM,01/09/2026,01/10/2026,01/10/2026,1.14,1.12,1,kWh,0,0,4623.79,6047.53,01,1,01,159.82,0,0,0,0,0,0,0,0,0,0,0,0,,0,,,021602873,WINAMR,********
101466917,'A02095',1,1,01/10/2026 09:00:00 PM,01/09/2026,01/10/2026,01/10/2026,1.18,1.20,1,kWh,0,0,4649.93,5252.56,01,1,01,140.86,0,0,0,0,0,0,0,0,0,0,0,0,,0,,,021602996,WINAMR,********
101466938,'A04456',1,1,01/10/2026 11:30:00 PM,01/09/2026,01/10/2026,01/10/2026,1.60,1.60,1,kWh,0,0,6605.34,6740.68,01,1,01,174.17,0,0,0,0,0,0,0,0,0,0,0,0,,0,,,021603063,WINAMR,********
101466948,'A04290',1,1,01/10/2026 11:30:00 PM,01/09/2026,01/10/2026,01/10/2026,1.68,1.66,1,kWh,0,0,7743.22,8253.20,01,1,01,130.69,0,0,0,0,0,0,0,0,0,0,0,0,,0,,,021603102,WINAMR,********
101467064,'A03828',1,1,01/10/2026 01:00:00 AM,01/09/2026,01/10/2026,01/10/2026,1.96,1.96,1,kWh,0,0,5058.00,5217.69,01,1,01,155.09,0,0,0,0,0,0,0,0,0,0,0,0,,0,,,021603405,WINAMR,********
101463804,'A05433',1,1,01/10/2026 11:30:00 PM,01/09/2026,01/10/2026,01/10/2026,1.64,1.64,1,kWh,0,0,9634.77,10060.55,01,1,01,116.23,0,0,0,0,0,0,0,0,0,0,0,0,,0,,,021603590,WINAMR,********
101463828,'A05127',1,1,01/10/2026 03:30:00 PM,01/09/2026,01/10/2026,01/10/2026,0.70,0.70,1,kWh,0,0,3088.29,3274.22,01,1,01,122.97,0,0,0,0,0,0,0,0,0,0,0,0,,0,,,021603631,WINAMR,********
101467270,'A00591',1,1,01/10/2026 11:30:00 PM,01/09/2026,01/10/2026,01/10/2026,1.54,1.54,1,kWh,0,0,4303.09,4472.30,01,1,01,164.71,0,0,0,0,0,0,0,0,0,0,0,0,,0,,,021603893,WINAMR,********
101467311,'A04419',1,1,01/10/2026 11:30:00 PM,01/09/2026,01/10/2026,01/10/2026,1.14,1.02,1,kWh,0,0,8567.15,8617.80,01,1,01,244.36,0,0,0,0,0,0,0,0,0,0,0,0,,0,,,021604037,WINAMR,********
101464238,'A06157',1,1,01/10/2026 11:35:00 PM,01/09/2026,01/10/2026,01/10/2026,2.16,2.16,1,kWh,0,0,12665.37,13654.25,01,1,01,419.78,0,0,0,0,0,0,0,0,0,0,0,0,,0,,,021604307,WINAMR,********
101467391,'A05776',1,1,01/10/2026 11:30:00 PM,01/09/2026,01/10/2026,01/10/2026,1.48,1.42,1,kWh,0,0,12994.91,13739.27,01,1,01,237,0,0,0,0,0,0,0,0,0,0,0,0,,0,,,021604317,WINAMR,********
101464253,'A05764',1,1,01/10/2026 11:30:00 PM,01/09/2026,01/10/2026,01/10/2026,1.56,1.54,1,kWh,0,0,5576.68,6039.27,01,1,01,157.33,0,0,0,0,0,0,0,0,0,0,0,0,,0,,,021604334,WINAMR,********
101467397,'A05443',1,1,01/10/2026 11:30:00 PM,01/09/2026,01/10/2026,01/10/2026,0.22,0.24,1,kWh,0,0,2676.80,2692.81,01,1,01,76.36,0,0,0,0,0,0,0,0,0,0,0,0,,0,,,021604337,WINAMR,********
101467446,'A00148',1,1,01/10/2026 11:30:00 PM,01/09/2026,01/10/2026,01/10/2026,1.06,1.06,1,kWh,0,0,7161.91,8247.88,01,1,01,132.79,0,0,0,0,0,0,0,0,0,0,0,0,,0,,,021604502,WINAMR,********
101467447,'A00182',1,1,01/10/2026 11:30:00 PM,01/09/2026,01/10/2026,01/10/2026,1.52,1.50,1,kWh,0,0,858.32,1069.68,01,1,01,24.24,0,0,0,0,0,0,0,0,0,0,0,0,,0,,,021604503,WINAMR,********
101467480,'A02379',1,1,01/10/2026 11:30:00 PM,01/09/2026,01/10/2026,01/10/2026,1.60,1.58,1,kWh,0,0,4237.94,4449.63,01,1,01,165.19,0,0,0,0,0,0,0,0,0,0,0,0,,0,,,021604575,WINAMR,********
101465184,'A06787',1,1,01/10/2026 02:30:00 AM,01/09/2026,01/10/2026,01/10/2026,1.52,1.50,1,kWh,0,0,8854.44,9789.94,01,1,01,154.73,0,0,0,0,0,0,0,0,0,0,0,0,,0,,,021605927,WINAMR,********
101465357,'A05881',1,1,01/10/2026 11:30:00 PM,01/09/2026,01/10/2026,01/10/2026,1.56,1.56,1,kWh,0,0,1878.22,3129.42,01,1,01,61.15,0,0,0,0,0,0,0,0,0,0,0,0,,0,,,021606207,WINAMR,********
107466520,'A06590',1,1,01/10/2026 11:00:00 PM,01/09/2026,01/10/2026,01/10/2026,0.38,0.36,1,kWh,0,0,3112.48,3523.09,01,1,01,45.65,0,0,0,0,0,0,0,0,0,0,0,0,,0,,,021606619,WINAMR,********
107466589,'A00483',1,1,01/10/2026 11:52:00 PM,01/09/2026,01/10/2026,01/10/2026,0.60,0.58,1,kWh,0,0,1095.98,1168.73,01,1,01,48.57,0,0,0,0,0,0,0,0,0,0,0,0,,0,,,021606627,WINAMR,********
107654085,'A00598',1,1,01/10/2026 11:30:00 PM,01/09/2026,01/10/2026,01/10/2026,2.96,2.94,3,kWh,0,0,7945.92,8534.70,01,1,01,490.42,0,0,0,0,0,0,0,0,0,0,0,0,,0,,,021606841,WINAMR,********
107784565,'A02272',1,1,01/10/2026 11:00:00 PM,01/09/2026,01/10/2026,01/10/2026,0.32,0.26,1,kWh,0,0,496.36,528.10,01,1,01,0.89,0,0,0,0,0,0,0,0,0,0,0,0,,0,,,021606922,WINAMR,********
108446711,'A06759',1,1,01/10/2026 11:30:00 PM,01/09/2026,01/10/2026,01/10/2026,0.70,0.70,1,kWh,0,0,5743.88,6349.52,01,1,01,235.68,0,0,0,0,0,0,0,0,0,0,0,0,,0,,,021607422,WINAMR,********
108330303,'A08794',1,1,01/10/2026 11:30:00 PM,01/09/2026,01/10/2026,01/10/2026,2.42,2.42,1,kWh,0,0,10503.37,11546.79,01,1,01,152.69,0,0,0,0,0,0,0,0,0,0,0,0,,0,,,021607616,WINAMR,********
108410490,'A04251',1,1,01/10/2026 09:00:00 PM,01/09/2026,01/10/2026,01/10/2026,2.30,2.30,1,kWh,0,0,4825.54,5286.41,01,1,01,83.5,0,0,0,0,0,0,0,0,0,0,0,0,,0,,,021607660,WINAMR,********
108584258,'A04964',1,1,01/10/2026 11:42:00 PM,01/09/2026,01/10/2026,01/10/2026,2.84,2.84,1,kWh,0,0,18705.17,19967.36,01,1,01,373.79,0,0,0,0,0,0,0,0,0,0,0,0,,0,,,021607830,WINAMR,********
108718557,'A00774',1,1,01/10/2026 11:30:00 PM,01/09/2026,01/10/2026,01/10/2026,1.84,1.82,1,kWh,0,0,2115.48,2260.99,01,1,01,55.09,0,0,0,0,0,0,0,0,0,0,0,0,,0,,,021607946,WINAMR,********
108718671,'A04187',1,1,01/10/2026 11:00:00 PM,01/09/2026,01/10/2026,01/10/2026,2.82,2.82,1,kWh,0,0,9468.42,9622.48,01,1,01,78.47,0,0,0,0,0,0,0,0,0,0,0,0,,0,,,021607973,WINAMR,********
108776474,'A02595',1,1,01/10/2026 11:30:00 PM,01/09/2026,01/10/2026,01/10/2026,1.20,1.18,1,kWh,0,0,6082.34,6773.64,01,1,01,56.9,0,0,0,0,0,0,0,0,0,0,0,0,,0,,,021608051,WINAMR,********
108776546,'A06364',1,1,01/10/2026 11:37:00 PM,01/09/2026,01/10/2026,01/10/2026,1.18,1.16,2,kWh,0,0,1653.56,1864.47,01,1,01,117.73,0,0,0,0,0,0,0,0,0,0,0,0,,0,,,021608079,WINAMR,********
109090614,'A08760',1,1,01/10/2026 11:30:00 PM,01/09/2026,01/10/2026,01/10/2026,1.32,1.32,2,kWh,0,0,4491.53,5002.27,01,1,01,123.34,0,0,0,0,0,0,0,0,0,0,0,0,,0,,,021608523,WINAMR,********
109269969,'A03910',1,1,01/10/2026 11:10:00 PM,01/09/2026,01/10/2026,01/10/2026,1.18,0.94,2,kWh,0,0,1945.25,2088.97,01,1,01,36.77,0,0,0,0,0,0,0,0,0,0,0,0,,0,,,021608694,WINAMR,********
109397092,'A08277',1,1,01/10/2026 06:30:00 AM,01/09/2026,01/10/2026,01/10/2026,2.16,2.14,2,kWh,0,0,6188.71,6560.83,01,1,01,158.96,0,0,0,0,0,0,0,0,0,0,0,0,,0,,,021608917,WINAMR,********
109397095,'A05096',1,1,01/10/2026 11:30:00 PM,01/09/2026,01/10/2026,01/10/2026,0.24,0.24,1,kWh,0,0,2711.21,2816.29,01,1,01,63.9,0,0,0,0,0,0,0,0,0,0,0,0,,0,,,021608920,WINAMR,********
109442881,'A06529',1,1,01/10/2026 03:30:00 AM,01/09/2026,01/10/2026,01/10/2026,0.34,0.34,2,kWh,0,0,704.21,776.10,01,1,01,15.02,0,0,0,0,0,0,0,0,0,0,0,0,,0,,,021608995,WINAMR,********
109591160,'A05999',1,1,01/10/2026 11:30:00 PM,01/09/2026,01/10/2026,01/10/2026,0.74,0.74,2,kWh,0,0,4463.39,4822.55,01,1,01,35.01,0,0,0,0,0,0,0,0,0,0,0,0,,0,,,021609032,WINAMR,********
109489279,'A03947',1,1,01/10/2026 07:00:00 PM,01/09/2026,01/10/2026,01/10/2026,1.46,1.48,2,kWh,0,0,3278.87,3426.20,01,1,01,90.1,0,0,0,0,0,0,0,0,0,0,0,0,,0,,,021609093,WINAMR,********
109562465,'A05312',1,1,01/10/2026 04:00:00 PM,01/09/2026,01/10/2026,01/10/2026,1.76,1.76,2,kWh,0,0,3761.76,4508.91,01,1,01,154.35,0,0,0,0,0,0,0,0,0,0,0,0,,0,,,021609173,WINAMR,********
109562480,'A07762',1,1,01/10/2026 06:30:00 PM,01/09/2026,01/10/2026,01/10/2026,1.24,1.22,2,kWh,0,0,14695.54,16602.35,01,1,01,168.52,0,0,0,0,0,0,0,0,0,0,0,0,,0,,,021609190,WINAMR,********
109658289,'A08000',1,1,01/10/2026 10:30:00 AM,01/09/2026,01/10/2026,01/10/2026,1.26,1.26,1,kWh,0,0,5621.18,6036.95,01,1,01,144.43,0,0,0,0,0,0,0,0,0,0,0,0,,0,,,021609432,WINAMR,********
109770769,'A03501',1,1,01/10/2026 11:30:00 PM,01/09/2026,01/10/2026,01/10/2026,0.46,0.46,1,kWh,0,0,1964.76,2188.16,01,1,01,72.2,0,0,0,0,0,0,0,0,0,0,0,0,,0,,,021609722,WINAMR,********
109863134,'A02177',1,1,01/10/2026 11:30:00 PM,01/09/2026,01/10/2026,01/10/2026,1.40,1.40,1,kWh,0,0,11131.54,12020.43,01,1,01,174.62,0,0,0,0,0,0,0,0,0,0,0,0,,0,,,021609922,WINAMR,********
109978546,'A07897',1,1,01/10/2026 01:00:00 AM,01/09/2026,01/10/2026,01/10/2026,1.52,1.52,2,kWh,0,0,537.76,558.30,01,1,01,152.22,0,0,0,0,0,0,0,0,0,0,0,0,,0,,,021610085,WINAMR,********
109978569,'A08900',1,1,01/10/2026 11:00:00 PM,01/09/2026,01/10/2026,01/10/2026,1.26,1.24,2,kWh,0,0,8714.42,8924.32,01,1,01,161.86,0,0,0,0,0,0,0,0,0,0,0,0,,0,,,021610127,WINAMR,********
110030475,'A05803',1,1,01/10/2026 11:37:00 PM,01/09/2026,01/10/2026,01/10/2026,0.34,0.34,2,kWh,0,0,7514.06,8055.95,01,1,01,134.85,0,0,0,0,0,0,0,0,0,0,0,0,,0,,,021610214,WINAMR,********
110212110,'A08638',1,1,01/10/2026 11:30:00 PM,01/09/2026,01/10/2026,01/10/2026,1.46,1.44,2,kWh,0,0,3096.36,3644.71,01,1,01,83.03,0,0,0,0,0,0,0,0,0,0,0,0,,0,,,021610239,WINAMR,********
110212116,'A07531',1,1,01/10/2026 11:30:00 PM,01/09/2026,01/10/2026,01/10/2026,1.36,1.36,2,kWh,0,0,6252.61,6678.40,01,1,01,202.55,0,0,0,0,0,0,0,0,0,0,0,0,,0,,,021610245,WINAMR,********
110212125,'A08001',1,1,01/10/2026 11:30:00 PM,01/09/2026,01/10/2026,01/10/2026,1.22,1.20,2,kWh,0,0,4353.34,4829.48,01,1,01,96.95,0,0,0,0,0,0,0,0,0,0,0,0,,0,,,021610254,WINAMR,********
110212132,'A03369',1,1,01/10/2026 11:30:00 PM,01/09/2026,01/10/2026,01/10/2026,0.50,0.48,2,kWh,0,0,3901.49,4394.20,01,1,01,112.27,0,0,0,0,0,0,0,0,0,0,0,0,,0,,,021610261,WINAMR,********
110212151,'A08042',1,1,01/10/2026 11:30:00 PM,01/09/2026,01/10/2026,01/10/2026,1.08,1.08,2,kWh,0,0,2621.18,3092.18,01,1,01,93.12,0,0,0,0,0,0,0,0,0,0,0,0,,0,,,021610280,WINAMR,********
110212167,'A04944',1,1,01/10/2026 11:30:00 PM,01/09/2026,01/10/2026,01/10/2026,1.30,1.28,2,kWh,0,0,5086.63,5759.75,01,1,01,108.27,0,0,0,0,0,0,0,0,0,0,0,0,,0,,,021610297,WINAMR,********
110102719,'A06536',1,1,01/10/2026 11:30:00 PM,01/09/2026,01/10/2026,01/10/2026,1.58,1.52,2,kWh,0,0,2784.68,2970.38,01,1,01,27.93,0,0,0,0,0,0,0,0,0,0,0,0,,0,,,021610409,WINAMR,********
110102720,'A02352',1,1,01/10/2026 11:30:00 PM,01/09/2026,01/10/2026,01/10/2026,2.92,2.90,2,kWh,0,0,15122.53,16333.93,01,1,01,452.79,0,0,0,0,0,0,0,0,0,0,0,0,,0,,,021610410,WINAMR,********
110199795,'A05637',1,1,01/10/2026 11:30:00 PM,01/09/2026,01/10/2026,01/10/2026,1.28,1.28,2,kWh,0,0,10061.71,10436.67,01,1,01,110.18,0,0,0,0,0,0,0,0,0,0,0,0,,0,,,021610506,WINAMR,********
110252976,'A08261',1,1,01/10/2026 01:30:00 PM,01/09/2026,01/10/2026,01/10/2026,1.50,1.50,2,kWh,0,0,3200.17,3283.43,01,1,01,248.38,0,0,0,0,0,0,0,0,0,0,0,0,,0,,,021610592,WINAMR,********
110253007,'A01806',1,1,01/10/2026 11:30:00 PM,01/09/2026,01/10/2026,01/10/2026,1.50,1.48,1,kWh,0,0,10248.66,10803.04,01,1,01,204.24,0,0,0,0,0,0,0,0,0,0,0,0,,0,,,021610597,WINAMR,********
110253009,'A08770',1,1,01/10/2026 11:30:00 PM,01/09/2026,01/10/2026,01/10/2026,1.78,1.78,1,kWh,0,0,2502.33,3155.61,01,1,01,196.27,0,0,0,0,0,0,0,0,0,0,0,0,,0,,,021610598,WINAMR,********
110310875,'A06994',1,1,01/10/2026 11:30:00 PM,01/09/2026,01/10/2026,01/10/2026,1.38,1.36,2,kWh,0,0,4197.09,4424.92,01,1,01,132.87,0,0,0,0,0,0,0,0,0,0,0,0,,0,,,021610726,WINAMR,********
110512058,'A08694',1,1,01/10/2026 11:30:00 PM,01/09/2026,01/10/2026,01/10/2026,1.70,1.70,2,kWh,0,0,4530.98,4860.61,01,1,01,111.06,0,0,0,0,0,0,0,0,0,0,0,0,,0,,,021611116,WINAMR,********
110578979,'A07701',1,1,01/10/2026 11:30:00 PM,01/09/2026,01/10/2026,01/10/2026,0.34,0.34,1,kWh,0,0,4223.41,4296.56,01,1,01,136.19,0,0,0,0,0,0,0,0,0,0,0,0,,0,,,021611184,WINAMR,********
110716878,'A01045',1,1,01/10/2026 11:30:00 PM,01/09/2026,01/10/2026,01/10/2026,0.96,0.94,2,kWh,0,0,1005.50,1173.83,01,1,01,30.76,0,0,0,0,0,0,0,0,0,0,0,0,,0,,,021611518,WINAMR,********
110926929,'A00609',1,1,01/10/2026 11:30:00 PM,01/09/2026,01/10/2026,01/10/2026,1.46,1.44,2,kWh,0,0,1647.28,1691.19,01,1,01,98.38,0,0,0,0,0,0,0,0,0,0,0,0,,0,,,021611636,WINAMR,********
111024600,'A04154',1,1,01/10/2026 11:30:00 PM,01/09/2026,01/10/2026,01/10/2026,1.66,1.66,2,kWh,0,0,8892.53,9756.29,01,1,01,230.61,0,0,0,0,0,0,0,0,0,0,0,0,,0,,,021611792,WINAMR,********
111221767,'A07395',1,1,01/10/2026 11:30:00 PM,01/09/2026,01/10/2026,01/10/2026,0.84,0.84,2,kWh,0,0,1801.06,1978.58,01,1,01,57.06,0,0,0,0,0,0,0,0,0,0,0,0,,0,,,021612138,WINAMR,********
111255740,'A01595',1,1,01/10/2026 10:30:00 AM,01/09/2026,01/10/2026,01/10/2026,2.40,2.40,2,kWh,0,0,10932.89,12137.24,01,1,01,194.22,0,0,0,0,0,0,0,0,0,0,0,0,,0,,,021612225,WINAMR,********
111255742,'A05364',1,1,01/10/2026 11:30:00 PM,01/09/2026,01/10/2026,01/10/2026,1.26,1.26,2,kWh,0,0,4436.19,4859.49,01,1,01,126.25,0,0,0,0,0,0,0,0,0,0,0,0,,0,,,021612227,WINAMR,********
111255750,'A02129',1,1,01/10/2026 11:30:00 PM,01/09/2026,01/10/2026,01/10/2026,1.44,1.44,2,kWh,0,0,5071.73,5377.57,01,1,01,110.02,0,0,0,0,0,0,0,0,0,0,0,0,,0,,,021612235,WINAMR,********
111276223,'A08147',1,1,01/10/2026 11:42:00 PM,01/09/2026,01/10/2026,01/10/2026,1.36,1.36,2,kWh,0,0,6852.52,7591.36,01,1,01,181.39,0,0,0,0,0,0,0,0,0,0,0,0,,0,,,021612317,WINAMR,********
111276241,'A07678',1,1,01/10/2026 11:30:00 PM,01/09/2026,01/10/2026,01/10/2026,0.50,0.42,2,kWh,0,0,4452.02,5257.78,01,1,01,175.81,0,0,0,0,0,0,0,0,0,0,0,0,,0,,,021612339,WINAMR,********
111276245,'A07178',1,1,01/10/2026 10:00:00 PM,01/09/2026,01/10/2026,01/10/2026,1.50,1.50,2,kWh,0,0,977.76,1371.43,01,1,01,90.69,0,0,0,0,0,0,0,0,0,0,0,0,,0,,,021612343,WINAMR,********
111334358,'A05942',1,1,01/10/2026 11:30:00 PM,01/09/2026,01/10/2026,01/10/2026,0.10,0.10,2,kWh,0,0,6090.42,9365.86,01,1,01,3.33,0,0,0,0,0,0,0,0,0,0,0,0,,0,,,021612448,WINAMR,********
111334362,'A08951',1,1,01/10/2026 11:59:00 PM,01/09/2026,01/10/2026,01/10/2026,0.26,0.26,2,kWh,0,0,4097.64,4239.11,01,1,01,79.69,0,0,0,0,0,0,0,0,0,0,0,0,,0,,,021612453,WINAMR,********
111362959,'A01227',1,1,01/10/2026 11:30:00 PM,01/09/2026,01/10/2026,01/10/2026,1.66,1.64,1,kWh,0,0,10484.87,10817.90,01,1,01,206.24,0,0,0,0,0,0,0,0,0,0,0,0,,0,,,021612513,WINAMR,********
111451945,'A06122',1,1,01/10/2026 02:00:00 PM,01/09/2026,01/10/2026,01/10/2026,0.44,0.42,2,kWh,0,0,4869.44,4952.58,01,1,01,48.28,0,0,0,0,0,0,0,0,0,0,0,0,,0,,,021612735,WINAMR,********
101469155,'A03403',1,1,01/10/2026 11:30:00 PM,01/09/2026,01/10/2026,01/10/2026,0.50,0.50,1,kWh,0,0,3713.41,4805.16,01,1,01,46.75,0,0,0,0,0,0,0,0,0,0,0,0,,0,,,03010656A,WINAMR,********
101469156,'A06167',1,1,01/10/2026 11:30:00 PM,01/09/2026,01/10/2026,01/10/2026,0.58,0.56,1,kWh,0,0,3960.25,4096.24,01,1,01,46.22,0,0,0,0,0,0,0,0,0,0,0,0,,0,,,03010657A,WINAMR,********
101469803,'A01521',1,1,01/10/2026 11:30:00 PM,01/09/2026,01/10/2026,01/10/2026,1.58,1.52,1,kWh,0,0,8796.28,10882.32,01,1,01,87.78,0,0,0,0,0,0,0,0,0,0,0,0,,0,,,030600032,WINAMR,********
101469974,'A00360',1,1,01/10/2026 11:30:00 PM,01/09/2026,01/10/2026,01/10/2026,1.36,1.36,1,kWh,0,0,7821.80,8978.14,01,1,01,254.67,0,0,0,0,0,0,0,0,0,0,0,0,,0,,,030600204,WINAMR,********
101469999,'A05394',1,1,01/10/2026 11:00:00 PM,01/09/2026,01/10/2026,01/10/2026,1.10,1.10,1,kWh,0,0,2567.32,2686.03,01,1,01,101.88,0,0,0,0,0,0,0,0,0,0,0,0,,0,,,030600229,WINAMR,********
101470002,'A03057',1,1,01/10/2026 11:30:00 PM,01/09/2026,01/10/2026,01/10/2026,0.00,0.00,1,kWh,0,0,1903.08,2170.29,01,1,01,0.19,0,0,0,0,0,0,0,0,0,0,0,0,,0,,,030600232,WINAMR,********
101470185,'A01405',1,1,01/10/2026 11:30:00 PM,01/09/2026,01/10/2026,01/10/2026,1.28,1.20,1,kWh,0,0,10986.42,12555.81,01,1,01,109.83,0,0,0,0,0,0,0,0,0,0,0,0,,0,,,030600418,WINAMR,********
101470307,'A01062',1,1,01/10/2026 11:30:00 PM,01/09/2026,01/10/2026,01/10/2026,0.46,0.42,1,kWh,0,0,4455.76,4610.44,01,1,01,60.77,0,0,0,0,0,0,0,0,0,0,0,0,,0,,,030600559,WINAMR,********
101470325,'A01415',1,1,01/10/2026 10:30:00 AM,01/09/2026,01/10/2026,01/10/2026,0.00,0.00,1,kWh,0,0,1491.18,2133.40,01,1,01,0,0,0,0,0,0,0,0,0,0,0,0,0,,0,,,030600577,WINAMR,********
101470455,'A01123',1,1,01/10/2026 11:36:00 PM,01/09/2026,01/10/2026,01/10/2026,2.04,1.92,1,kWh,0,0,3027.02,4018.71,01,1,01,108.69,0,0,0,0,0,0,0,0,0,0,0,0,,0,,,030600788,WINAMR,********
101471421,'A05250',1,1,01/10/2026 11:30:00 PM,01/09/2026,01/10/2026,01/10/2026,1.64,1.64,2,kWh,0,0,2861.08,3316.77,01,1,01,149.02,0,0,0,0,0,0,0,0,0,0,0,0,,0,,,030600873,WINAMR,********
101471432,'A03720',1,1,01/10/2026 11:30:00 PM,01/09/2026,01/10/2026,01/10/2026,2.22,2.22,2,kWh,0,0,11417.87,12912.98,01,1,01,183.46,0,0,0,0,0,0,0,0,0,0,0,0,,0,,,030600884,WINAMR,********
101471453,'A03499',1,1,01/10/2026 11:30:00 PM,01/09/2026,01/10/2026,01/10/2026,1.68,1.68,2,kWh,0,0,4225.13,4614.59,01,1,01,216.09,0,0,0,0,0,0,0,0,0,0,0,0,,0,,,030600984,WINAMR,********
101471463,'A01976',1,1,01/10/2026 11:30:00 PM,01/09/2026,01/10/2026,01/10/2026,1.06,1.06,2,kWh,0,0,7880.48,8508.71,01,1,01,213.16,0,0,0,0,0,0,0,0,0,0,0,0,,0,,,030600994,WINAMR,********
101471492,'A03865',1,1,01/10/2026 11:30:00 PM,01/09/2026,01/10/2026,01/10/2026,1.64,1.60,1,kWh,0,0,5661.28,6487.91,01,1,01,162.89,0,0,0,0,0,0,0,0,0,0,0,0,,0,,,030601023,WINAMR,********
101471510,'A02777',1,1,01/10/2026 08:30:00 PM,01/09/2026,01/10/2026,01/10/2026,1.30,1.30,1,kWh,0,0,1920.93,2323.52,01,1,01,118.11,0,0,0,0,0,0,0,0,0,0,0,0,,0,,,030601041,WINAMR,********
101471512,'A03108',1,1,01/10/2026 11:30:00 PM,01/09/2026,01/10/2026,01/10/2026,1.46,1.46,1,kWh,0,0,8349.86,8999.01,01,1,01,144.24,0,0,0,0,0,0,0,0,0,0,0,0,,0,,,030601043,WINAMR,********
101471515,'A06096',1,1,01/10/2026 11:30:00 PM,01/09/2026,01/10/2026,01/10/2026,2.30,2.30,1,kWh,0,0,5814.62,7121.88,01,1,01,159.08,0,0,0,0,0,0,0,0,0,0,0,0,,0,,,030601046,WINAMR,********
101471520,'A03055',1,1,01/10/2026 11:30:00 PM,01/09/2026,01/10/2026,01/10/2026,0.18,0.14,1,kWh,0,0,1838.26,2015.11,01,1,01,2.5,0,0,0,0,0,0,0,0,0,0,0,0,,0,,,030601051,WINAMR,********
101470490,'A07008',1,1,01/10/2026 05:30:00 PM,01/09/2026,01/10/2026,01/10/2026,3.08,3.08,1,kWh,0,0,6920.00,7726.68,01,1,01,279.42,0,0,0,0,0,0,0,0,0,0,0,0,,0,,,030601072,WINAMR,********
101471551,'A02774',1,1,01/10/2026 11:30:00 PM,01/09/2026,01/10/2026,01/10/2026,0.98,0.98,1,kWh,0,0,2607.56,2924.24,01,1,01,97.55,0,0,0,0,0,0,0,0,0,0,0,0,,0,,,030601105,WINAMR,********
101471552,'A04995',1,1,01/10/2026 11:30:00 PM,01/09/2026,01/10/2026,01/10/2026,1.72,1.72,1,kWh,0,0,6301.99,6793.33,01,1,01,160.33,0,0,0,0,0,0,0,0,0,0,0,0,,0,,,030601106,WINAMR,********
101471574,'A03677',1,1,01/10/2026 11:30:00 PM,01/09/2026,01/10/2026,01/10/2026,1.26,1.24,2,kWh,0,0,5561.52,6340.57,01,1,01,117.29,0,0,0,0,0,0,0,0,0,0,0,0,,0,,,030601235,WINAMR,********
101471583,'A04807',1,1,01/10/2026 11:30:00 PM,01/09/2026,01/10/2026,01/10/2026,1.34,1.34,2,kWh,0,0,5543.24,6379.54,01,1,01,163.6,0,0,0,0,0,0,0,0,0,0,0,0,,0,,,030601244,WINAMR,********
101470565,'A03351',1,1,01/10/2026 11:30:00 AM,01/09/2026,01/10/2026,01/10/2026,0.82,0.78,1,kWh,0,0,6118.96,7759.00,01,1,01,98.61,0,0,0,0,0,0,0,0,0,0,0,0,,0,,,030601325,WINAMR,********
101471866,'A04390',1,1,01/10/2026 05:30:00 PM,01/09/2026,01/10/2026,01/10/2026,1.08,1.08,1,kWh,0,0,5097.40,5475.38,01,1,01,113.54,0,0,0,0,0,0,0,0,0,0,0,0,,0,,,030601359,WINAMR,********
101471912,'A05618',1,1,01/10/2026 04:30:00 PM,01/09/2026,01/10/2026,01/10/2026,1.90,1.88,1,kWh,0,0,3165.34,3720.68,01,1,01,90.42,0,0,0,0,0,0,0,0,0,0,0,0,,0,,,030601405,WINAMR,********
101471639,'A01201',1,1,01/10/2026 11:50:00 PM,01/09/2026,01/10/2026,01/10/2026,1.80,1.78,1,kWh,0,0,7584.07,8221.40,01,1,01,130.61,0,0,0,0,0,0,0,0,0,0,0,0,,0,,,030601442,WINAMR,********
101471649,'A07457',1,1,01/10/2026 11:30:00 PM,01/09/2026,01/10/2026,01/10/2026,1.50,1.50,1,kWh,0,0,5832.71,7124.14,01,1,01,162.5,0,0,0,0,0,0,0,0,0,0,0,0,,0,,,030601452,WINAMR,********
101472074,'A06250',1,1,01/10/2026 06:00:00 PM,01/09/2026,01/10/2026,01/10/2026,0.14,0.14,1,kWh,0,0,2276.33,2340.69,01,1,01,51.16,0,0,0,0,0,0,0,0,0,0,0,0,,0,,,030601736,WINAMR,********
101472081,'A02412',1,1,01/10/2026 06:30:00 PM,01/09/2026,01/10/2026,01/10/2026,2.30,2.14,1,kWh,0,0,5693.09,6440.86,01,1,01,115.05,0,0,0,0,0,0,0,0,0,0,0,0,,0,,,030601743,WINAMR,********
101472084,'A07993',1,1,01/10/2026 06:30:00 PM,01/09/2026,01/10/2026,01/10/2026,0.46,0.40,1,kWh,0,0,3660.94,4368.61,01,1,01,94.62,0,0,0,0,0,0,0,0,0,0,0,0,,0,,,030601746,WINAMR,********
110286083,'A05525',1,1,01/10/2026 10:00:00 PM,01/09/2026,01/10/2026,01/10/2026,1.04,1.04,2,kWh,0,0,983.39,1122.86,01,1,01,48.93,0,0,0,0,0,0,0,0,0,0,0,0,,0,,,030602800,WINAMR,********
110474598,'A02910',1,1,01/10/2026 11:00:00 AM,01/09/2026,01/10/2026,01/10/2026,0.62,0.34,1,kWh,0,0,3744.45,5126.16,01,1,01,40.56,0,0,0,0,0,0,0,0,0,0,0,0,,0,,,030602803,WINAMR,********
101471284,'A04879',1,1,01/10/2026 11:30:00 PM,01/09/2026,01/10/2026,01/10/2026,1.50,1.48,3,kWh,0,0,6044.75,6808.71,01,1,01,111.71,0,0,0,0,0,0,0,0,0,0,0,0,,0,,,03060358A,WINAMR,********
101471289,'A05343',1,1,01/10/2026 11:30:00 PM,01/09/2026,01/10/2026,01/10/2026,0.96,0.94,1,kWh,0,0,3076.67,3838.08,01,1,01,108.85,0,0,0,0,0,0,0,0,0,0,0,0,,0,,,03060673A,WINAMR,********
101476839,'A03261',1,1,01/10/2026 03:30:00 AM,01/09/2026,01/10/2026,01/10/2026,1.68,1.68,1,kWh,0,0,11425.89,13182.02,01,1,01,164.4,0,0,0,0,0,0,0,0,0,0,0,0,,0,,,032200007,WINAMR,********
101476979,'A05840',1,1,01/10/2026 11:30:00 PM,01/09/2026,01/10/2026,01/10/2026,2.44,2.34,1,kWh,0,0,5729.45,6474.21,01,1,01,134.71,0,0,0,0,0,0,0,0,0,0,0,0,,0,,,032200150,WINAMR,********
101476989,'A02603',1,1,01/10/2026 11:50:00 PM,01/09/2026,01/10/2026,01/10/2026,3.12,3.04,1,kWh,0,0,10490.47,11323.47,01,1,01,130.23,0,0,0,0,0,0,0,0,0,0,0,0,,0,,,032200160,WINAMR,********
101477069,'A09340',1,1,01/10/2026 11:30:00 PM,01/09/2026,01/10/2026,01/10/2026,1.30,1.32,1,kWh,0,0,5430.57,5999.99,01,1,01,151.78,0,0,0,0,0,0,0,0,0,0,0,0,,0,,,032200243,WINAMR,********
101477080,'A02878',1,1,01/10/2026 11:30:00 PM,01/09/2026,01/10/2026,01/10/2026,1.34,1.36,1,kWh,0,0,2101.11,2277.97,01,1,01,123.56,0,0,0,0,0,0,0,0,0,0,0,0,,0,,,032200254,WINAMR,********
101477101,'A07414',1,1,01/10/2026 11:30:00 PM,01/09/2026,01/10/2026,01/10/2026,2.18,2.16,1,kWh,0,0,9065.94,9590.99,01,1,01,229.58,0,0,0,0,0,0,0,0,0,0,0,0,,0,,,032200275,WINAMR,********
101477105,'A05118',1,1,01/10/2026 12:30:00 AM,01/09/2026,01/10/2026,01/10/2026,0.60,0.60,1,kWh,0,0,938.78,1169.11,01,1,01,58.01,0,0,0,0,0,0,0,0,0,0,0,0,,0,,,032200280,WINAMR,********
101477158,'A06349',1,1,01/10/2026 11:30:00 PM,01/09/2026,01/10/2026,01/10/2026,1.60,1.60,1,kWh,0,0,3769.20,4109.58,01,1,01,163.68,0,0,0,0,0,0,0,0,0,0,0,0,,0,,,032200335,WINAMR,********
101477253,'A05671',1,1,01/10/2026 08:30:00 AM,01/09/2026,01/10/2026,01/10/2026,1.22,1.22,1,kWh,0,0,4992.13,5623.60,01,1,01,107.85,0,0,0,0,0,0,0,0,0,0,0,0,,0,,,032200434,WINAMR,********
101477470,'A09309',1,1,01/10/2026 11:30:00 PM,01/09/2026,01/10/2026,01/10/2026,0.26,0.22,1,kWh,0,0,2593.61,3302.23,01,1,01,60.12,0,0,0,0,0,0,0,0,0,0,0,0,,0,,,032200655,WINAMR,********
101477823,'A04216',1,1,01/10/2026 11:30:00 PM,01/09/2026,01/10/2026,01/10/2026,1.36,1.28,1,kWh,0,0,3861.76,4244.89,01,1,01,145.72,0,0,0,0,0,0,0,0,0,0,0,0,,0,,,032201014,WINAMR,********
101477828,'A09228',1,1,01/10/2026 01:00:00 AM,01/09/2026,01/10/2026,01/10/2026,1.38,1.38,1,kWh,0,0,3495.55,3858.68,01,1,01,53.05,0,0,0,0,0,0,0,0,0,0,0,0,,0,,,032201019,WINAMR,********
101477923,'A08472',1,1,01/10/2026 11:30:00 PM,01/09/2026,01/10/2026,01/10/2026,2.20,2.18,1,kWh,0,0,10206.77,10948.06,01,1,01,232.72,0,0,0,0,0,0,0,0,0,0,0,0,,0,,,032201114,WINAMR,********
108558174,'A03161',1,1,01/10/2026 11:30:00 PM,01/09/2026,01/10/2026,01/10/2026,3.24,3.20,1,kWh,0,0,11088.16,11659.57,01,1,01,375.09,0,0,0,0,0,0,0,0,0,0,0,0,,0,,,032201393,WINAMR,********
111223128,'A03928',1,1,01/10/2026 11:30:00 PM,01/09/2026,01/10/2026,01/10/2026,3.86,3.84,2,kWh,0,0,12629.07,13016.81,01,1,01,855.56,0,0,0,0,0,0,0,0,0,0,0,0,,0,,,032201635,WINAMR,********
101478113,'A02566',1,1,01/10/2026 11:30:00 PM,01/09/2026,01/10/2026,01/10/2026,3.80,3.40,1,kWh,0,0,13456.08,16012.65,01,1,01,386.61,0,0,0,0,0,0,0,0,0,0,0,0,,0,,,03220828A,WINAMR,********
