service_no,unique_service_no,reason
0216 00093,021600093,no reading for 2026-09-01 (opening)
0216 00155,021600155,no reading for 2026-09-01 (opening)
0216 00157,021600157,no reading for 2026-09-01 (opening)
0216 00199,021600199,no reading for 2026-09-01 (opening)
0216 00201,021600201,no reading for 2026-09-01 (opening)
0216 00227,021600227,no reading for 2026-09-01 (opening)
0216 00253,021600253,no reading for 2026-09-01 (opening)
0216 00277,021600277,no reading for 2026-09-01 (opening)
0216 00406,021600406,no reading for 2026-09-01 (opening)
0216 00426,021600426,no reading for 2026-09-01 (opening)
0216 00456,021600456,no reading for 2026-09-01 (opening)
0216 00494,021600494,no reading for 2026-09-01 (opening)
0216 00542,021600542,no reading for 2026-09-01 (opening)
0216 00544,021600544,no reading for 2026-09-01 (opening)
0216 00580,021600580,no reading for 2026-09-01 (opening)
0216 00594,021600594,no reading for 2026-09-01 (opening)
0216 00653,021600653,no reading for 2026-09-01 (opening)
0216 00661,021600661,no reading for 2026-09-01 (opening)
0216 00713,021600713,no reading for 2026-09-01 (opening)
0216 00760,021600760,no reading for 2026-09-01 (opening)
0216 00762,021600762,no reading for 2026-09-01 (opening)
0216 00764,021600764,no reading for 2026-09-01 (opening)
0216 00789,021600789,no reading for 2026-09-01 (opening)
0216 00827,021600827,no reading for 2026-09-01 (opening)
0216 00837,021600837,no reading for 2026-09-01 (opening)
0216 00861,021600861,no reading for 2026-09-01 (opening)
0216 00946,021600946,no reading for 2026-09-01 (opening)
0216 00947,021600947,no reading for 2026-09-01 (opening)
0216 00992,021600992,no reading for 2026-09-01 (opening)
0216 01020,021601020,no reading for 2026-09-01 (opening)
0216 01023,021601023,no reading for 2026-09-01 (opening)
0216 01034,021601034,no reading for 2026-09-01 (opening)
0216 01042,021601042,no reading for 2026-09-01 (opening)
0216 01059,021601059,no reading for 2026-09-01 (opening)
0216 01118,021601118,no reading for 2026-09-01 (opening)
0216 01140,021601140,no reading for 2026-09-01 (opening)
0216 01155,021601155,no reading for 2026-09-01 (opening)
0216 01173,021601173,no reading for 2026-09-01 (opening)
0216 01210,021601210,no reading for 2026-09-01 (opening)
0216 01282,021601282,no reading for 2026-09-01 (opening)
0216 01287,021601287,no reading for 2026-09-01 (opening)
0216 01289,021601289,no reading for 2026-09-01 (opening)
0216 01321,021601321,no reading for 2026-09-01 (opening)
0216 01341,021601341,no reading for 2026-09-01 (opening)
0216 01347,021601347,no reading for 2026-09-01 (opening)
0216 01364,021601364,no reading for 2026-09-01 (opening)
0216 01380,021601380,no reading for 2026-09-01 (opening)
0216 01496,021601496,no reading for 2026-09-01 (opening)
0216 01502,021601502,"increase 425779.34% > 120% (opening 5867.19, closing 24987150.10)"
0216 01505,021601505,no reading for 2026-09-01 (opening)
0216 01534,021601534,no reading for 2026-09-01 (opening)
0216 01551,021601551,no reading for 2026-09-01 (opening)
0216 01572,021601572,no reading for 2026-09-01 (opening)
0216 01573,021601573,no reading for 2026-09-01 (opening)
0216 01578,021601578,no reading for 2026-09-01 (opening)
0216 01598,021601598,no reading for 2026-09-01 (opening)
0216 01601,021601601,no reading for 2026-09-01 (opening)
0216 01630,021601630,no reading for 2026-09-01 (opening)
0216 01643,021601643,no reading for 2026-09-01 (opening)
0216 01668,021601668,no reading for 2026-09-01 (opening)
0216 01670,021601670,no reading for 2026-09-01 (opening)
0216 01673,021601673,no reading for 2026-09-01 (opening)
0216 01729,021601729,no reading for 2026-09-01 (opening)
0216 01757,021601757,no reading for 2026-09-01 (opening)
0216 01796,021601796,no reading for 2026-09-01 (opening)
0216 01813,021601813,no reading for 2026-09-01 (opening)
0216 01903,021601903,no reading for 2026-09-01 (opening)
0216 01955,021601955,no reading for 2026-09-01 (opening)
0216 01960,021601960,no reading for 2026-09-01 (opening)
0216 01969,021601969,no reading for 2026-09-01 (opening)
0216 01987,021601987,no reading for 2026-09-01 (opening)
0216 02003,021602003,no reading for 2026-09-01 (opening)
0216 02014,021602014,no reading for 2026-09-01 (opening)
0216 02146,021602146,no reading for 2026-09-01 (opening)
0216 02158,021602158,no reading for 2026-09-01 (opening)
0216 02168,021602168,no reading for 2026-09-01 (opening)
0216 02290,021602290,no reading for 2026-09-01 (opening)
0216 02345,021602345,no reading for 2026-09-01 (opening)
0216 02353,021602353,no reading for 2026-09-01 (opening)
0216 02354,021602354,no reading for 2026-09-01 (opening)
0216 02407,021602407,no reading for 2026-09-01 (opening)
0216 02444,021602444,no reading for 2026-09-01 (opening)
0216 02467,021602467,no reading for 2026-09-01 (opening)
0216 02478,021602478,no reading for 2026-09-01 (opening)
0216 02490,021602490,no reading for 2026-09-01 (opening)
0216 02510,021602510,no reading for 2026-09-01 (opening)
0216 02521,021602521,no reading for 2026-09-01 (opening)
0216 02607,021602607,no reading for 2026-09-01 (opening)
0216 02681,021602681,no reading for 2026-09-01 (opening)
0216 02749,021602749,no reading for 2026-09-01 (opening)
0216 02770,021602770,no reading for 2026-09-01 (opening)
0216 02838,021602838,no reading for 2026-09-01 (opening)
0216 02839,021602839,no reading for 2026-09-01 (opening)
0216 02917,021602917,no reading for 2026-09-01 (opening)
0216 02999,021602999,no reading for 2026-09-01 (opening)
0216 03093,021603093,no reading for 2026-09-01 (opening)
0216 03143,021603143,no reading for 2026-09-01 (opening)
0216 03157,021603157,no reading for 2026-09-01 (opening)
0216 03194,021603194,no reading for 2026-09-01 (opening)
0216 03196,021603196,no reading for 2026-09-01 (opening)
0216 03217,021603217,no reading for 2026-09-01 (opening)
0216 03222,021603222,no reading for 2026-09-01 (opening)
0216 03240,021603240,no reading for 2026-09-01 (opening)
0216 03247,021603247,no reading for 2026-09-01 (opening)
0216 03446,021603446,no reading for 2026-09-01 (opening)
0216 03531,021603531,no reading for 2026-09-01 (opening)
0216 03535,021603535,no reading for 2026-09-01 (opening)
0216 03670,021603670,no reading for 2026-09-01 (opening)
0216 03674,021603674,no reading for 2026-09-01 (opening)
0216 03688,021603688,no reading for 2026-09-01 (opening)
0216 03710,021603710,no reading for 2026-09-01 (opening)
0216 03849,021603849,no reading for 2026-09-01 (opening)
0216 03852,021603852,no reading for 2026-09-01 (opening)
0216 04096,021604096,no reading for 2026-09-01 (opening)
0216 04243,021604243,no reading for 2026-09-01 (opening)
0216 04267,021604267,no reading for 2026-09-01 (opening)
0216 04277,021604277,no reading for 2026-09-01 (opening)
0216 04304,021604304,no reading for 2026-09-01 (opening)
0216 04336,021604336,no reading for 2026-09-01 (opening)
0216 04347,021604347,no reading for 2026-09-01 (opening)
0216 04450,021604450,no reading for 2026-09-01 (opening)
0216 04451,021604451,no reading for 2026-09-01 (opening)
0216 04455,021604455,no reading for 2026-09-01 (opening)
0216 04461,021604461,no reading for 2026-09-01 (opening)
0216 04474,021604474,no reading for 2026-09-01 (opening)
0216 04497,021604497,no reading for 2026-09-01 (opening)
0216 04566,021604566,no reading for 2026-09-01 (opening)
0216 04567,021604567,no reading for 2026-09-01 (opening)
0216 04613,021604613,no reading for 2026-09-01 (opening)
0216 04618,021604618,no reading for 2026-09-01 (opening)
0216 04658,021604658,no reading for 2026-09-01 (opening)
0216 04684,021604684,no reading for 2026-09-01 (opening)
0216 04691,021604691,no reading for 2026-09-01 (opening)
0216 04731,021604731,no reading for 2026-09-01 (opening)
0216 04765,021604765,no reading for 2026-09-01 (opening)
0216 04781,021604781,no reading for 2026-09-01 (opening)
0216 04784,021604784,no reading for 2026-09-01 (opening)
0216 04808,021604808,no reading for 2026-09-01 (opening)
0216 04889,021604889,no reading for 2026-09-01 (opening)
0216 04950,021604950,no reading for 2026-09-01 (opening)
0216 04964,021604964,no reading for 2026-09-01 (opening)
0216 04982,021604982,no reading for 2026-09-01 (opening)
0216 05035,021605035,no reading for 2026-09-01 (opening)
0216 05074,021605074,no reading for 2026-09-01 (opening)
0216 05092,021605092,no reading for 2026-09-01 (opening)
0216 05199,021605199,no reading for 2026-09-01 (opening)
0216 05289,021605289,no reading for 2026-09-01 (opening)
0216 05299,021605299,no reading for 2026-09-01 (opening)
0216 05303,021605303,no reading for 2026-09-01 (opening)
0216 05305,021605305,no reading for 2026-09-01 (opening)
0216 05385,021605385,no reading for 2026-09-01 (opening)
0216 05465,021605465,no reading for 2026-09-01 (opening)
0216 05475,021605475,no reading for 2026-09-01 (opening)
0216 05484,021605484,no reading for 2026-09-01 (opening)
0216 05509,021605509,no reading for 2026-09-01 (opening)
0216 05514,021605514,no reading for 2026-09-01 (opening)
0216 05538,021605538,no reading for 2026-09-01 (opening)
0216 05540,021605540,no reading for 2026-09-01 (opening)
0216 05622,021605622,no reading for 2026-09-01 (opening)
0216 05633,021605633,no reading for 2026-09-01 (opening)
0216 05635,021605635,no reading for 2026-09-01 (opening)
0216 05740,021605740,no reading for 2026-09-01 (opening)
0216 05749,021605749,no reading for 2026-09-01 (opening)
0216 05754,021605754,no reading for 2026-09-01 (opening)
0216 05807,021605807,no reading for 2026-09-01 (opening)
0216 05916,021605916,no reading for 2026-09-01 (opening)
0216 05966,021605966,no reading for 2026-09-01 (opening)
0216 06079,021606079,no reading for 2026-09-01 (opening)
0216 06081,021606081,no reading for 2026-09-01 (opening)
0216 06093,021606093,no reading for 2026-09-01 (opening)
0216 06128,021606128,no reading for 2026-09-01 (opening)
0216 06183,021606183,no reading for 2026-09-01 (opening)
0216 06191,021606191,no reading for 2026-09-01 (opening)
0216 06233,021606233,no reading for 2026-09-01 (opening)
0216 06382,021606382,no reading for 2026-09-01 (opening)
0216 06386,021606386,no reading for 2026-09-01 (opening)
0216 06416,021606416,no reading for 2026-09-01 (opening)
0216 06449,021606449,no reading for 2026-09-01 (opening)
0216 06495,021606495,no reading for 2026-09-01 (opening)
0216 06497,021606497,no reading for 2026-09-01 (opening)
0216 06545,021606545,no reading for 2026-09-01 (opening)
0216 06549,021606549,no reading for 2026-09-01 (opening)
0216 06621,021606621,no reading for 2026-09-01 (opening)
0216 06656,021606656,no reading for 2026-09-01 (opening)
0216 06680,021606680,no reading for 2026-09-01 (opening)
0216 06711,021606711,no reading for 2026-09-01 (opening)
0216 06743,021606743,no reading for 2026-09-01 (opening)
0216 06745,021606745,no reading for 2026-09-01 (opening)
0216 06768,021606768,no reading for 2026-09-01 (opening)
0216 06836,021606836,no reading for 2026-09-01 (opening)
0216 06878,021606878,no reading for 2026-09-01 (opening)
0216 07028,021607028,no reading for 2026-09-01 (opening)
0216 07177,021607177,no reading for 2026-09-01 (opening)
0216 07210,021607210,no reading for 2026-09-01 (opening)
0216 07225,021607225,no reading for 2026-09-01 (opening)
0216 07228,021607228,no reading for 2026-09-01 (opening)
0216 07247,021607247,no reading for 2026-09-01 (opening)
0216 07440,021607440,no reading for 2026-09-01 (opening)
0216 07560,021607560,no reading for 2026-09-01 (opening)
0216 07577,021607577,no reading for 2026-09-01 (opening)
0216 07618,021607618,no reading for 2026-09-01 (opening)
0216 07631,021607631,no reading for 2026-09-01 (opening)
0216 07654,021607654,no reading for 2026-09-01 (opening)
0216 07657,021607657,no reading for 2026-09-01 (opening)
0216 07659,021607659,no reading for 2026-09-01 (opening)
0216 07714,021607714,no reading for 2026-09-01 (opening)
0216 07759,021607759,no reading for 2026-09-01 (opening)
0216 07910,021607910,no reading for 2026-09-01 (opening)
0216 07913,021607913,no reading for 2026-09-01 (opening)
0216 07924,021607924,no reading for 2026-09-01 (opening)
0216 08087,021608087,no reading for 2026-09-01 (opening)
0216 08096,021608096,no reading for 2026-09-01 (opening)
0216 08097,021608097,no reading for 2026-09-01 (opening)
0216 08112,021608112,no reading for 2026-09-01 (opening)
0216 08144,021608144,no reading for 2026-09-01 (opening)
0216 08145,021608145,no reading for 2026-09-01 (opening)
0216 08406,021608406,no reading for 2026-09-01 (opening)
0216 08414,021608414,no reading for 2026-09-01 (opening)
0216 08529,021608529,no reading for 2026-09-01 (opening)
0216 08614,021608614,no reading for 2026-09-01 (opening)
0216 08691,021608691,no reading for 2026-09-01 (opening)
0216 08699,021608699,no reading for 2026-09-01 (opening)
0216 08708,021608708,no reading for 2026-09-01 (opening)
0216 08723,021608723,no reading for 2026-09-01 (opening)
0216 08736,021608736,no reading for 2026-09-01 (opening)
0216 08774,021608774,no reading for 2026-09-01 (opening)
0216 08804,021608804,no reading for 2026-09-01 (opening)
0216 08844,021608844,no reading for 2026-09-01 (opening)
0216 08915,021608915,no reading for 2026-09-01 (opening)
0216 08928,021608928,no reading for 2026-09-01 (opening)
0216 08935,021608935,no reading for 2026-09-01 (opening)
0216 08970,021608970,no reading for 2026-09-01 (opening)
0216 09063,021609063,no reading for 2026-09-01 (opening)
0216 09266,021609266,no reading for 2026-09-01 (opening)
0216 09352,021609352,no reading for 2026-09-01 (opening)
0216 09499,021609499,no reading for 2026-09-01 (opening)
0216 09566,021609566,no reading for 2026-09-01 (opening)
0216 09610,021609610,no reading for 2026-09-01 (opening)
0216 09674,021609674,no reading for 2026-09-01 (opening)
0216 09697,021609697,no reading for 2026-09-01 (opening)
0216 09699,021609699,no reading for 2026-09-01 (opening)
0216 09845,021609845,no reading for 2026-09-01 (opening)
0216 09903,021609903,no reading for 2026-09-01 (opening)
0216 09927,021609927,no reading for 2026-09-01 (opening)
0216 09941,021609941,no reading for 2026-09-01 (opening)
0216 10013,021610013,no reading for 2026-09-01 (opening)
0216 10114,021610114,no reading for 2026-09-01 (opening)
0216 10115,021610115,no reading for 2026-09-01 (opening)
0216 10124,021610124,no reading for 2026-09-01 (opening)
0216 10132,021610132,"increase 441% > 120% (opening 31.54, closing 170.63)"
0216 10136,021610136,"increase n/a (opening 0) > 120% (opening 0.00, closing 45.99)"
0216 10187,021610187,no reading for 2026-09-01 (opening)
0216 10202,021610202,no reading for 2026-09-01 (opening)
0216 10225,021610225,no reading for 2026-09-01 (opening)
0216 10226,021610226,no reading for 2026-09-01 (opening)
0216 10229,021610229,no reading for 2026-09-01 (opening)
0216 10243,021610243,no reading for 2026-09-01 (opening)
0216 10350,021610350,no reading for 2026-09-01 (opening)
0216 10405,021610405,no reading for 2026-09-01 (opening)
0216 10452,021610452,no reading for 2026-09-01 (opening)
0216 10579,021610579,no reading for 2026-09-01 (opening)
0216 10677,021610677,no reading for 2026-09-01 (opening)
0216 10699,021610699,no reading for 2026-09-01 (opening)
0216 10700,021610700,no reading for 2026-09-01 (opening)
0216 10701,021610701,no reading for 2026-09-01 (opening)
0216 10727,021610727,no reading for 2026-09-01 (opening)
0216 10814,021610814,no reading for 2026-09-01 (opening)
0216 10987,021610987,no reading for 2026-09-01 (opening)
0216 11028,021611028,no reading for 2026-09-01 (opening)
0216 11046,021611046,no reading for 2026-09-01 (opening)
0216 11049,021611049,no reading for 2026-09-01 (opening)
0216 11170,021611170,no reading for 2026-09-01 (opening)
0216 11188,021611188,no reading for 2026-09-01 (opening)
0216 11208,021611208,no reading for 2026-09-01 (opening)
0216 11214,021611214,no reading for 2026-09-01 (opening)
0216 11265,021611265,no reading for 2026-09-01 (opening)
0216 11339,021611339,"increase 95801.3% > 120% (opening 8636.59, closing 8282602.49)"
0216 11349,021611349,no reading for 2026-09-01 (opening)
0216 11378,021611378,no reading for 2026-09-01 (opening)
0216 11379,021611379,no reading for 2026-09-01 (opening)
0216 11395,021611395,no reading for 2026-09-01 (opening)
0216 11442,021611442,no reading for 2026-09-01 (opening)
0216 11483,021611483,no reading for 2026-09-01 (opening)
0216 11517,021611517,no reading for 2026-09-01 (opening)
0216 11520,021611520,no reading for 2026-09-01 (opening)
0216 11882,021611882,no reading for 2026-09-01 (opening)
0216 11911,021611911,"increase 519117.62% > 120% (opening 7890.77, closing 40970268.35)"
0216 12013,021612013,no reading for 2026-09-01 (opening)
0216 12088,021612088,no reading for 2026-09-01 (opening)
0216 12151,021612151,no reading for 2026-09-01 (opening)
0216 12167,021612167,no reading for 2026-09-01 (opening)
0216 12239,021612239,no reading for 2026-09-01 (opening)
0216 12452,021612452,no reading for 2026-09-01 (opening)
0216 12474,021612474,no reading for 2026-09-01 (opening)
0216 12562,021612562,no reading for 2026-09-01 (opening)
0216 12646,021612646,no reading for 2026-09-01 (opening)
0216 12658,021612658,no reading for 2026-09-01 (opening)
0216 12757,021612757,no reading for 2026-09-01 (opening)
0216 12794,021612794,no reading for 2026-09-01 (opening)
0216 12917,021612917,no reading for 2026-09-01 (opening)
0216 12925,021612925,no reading for 2026-09-01 (opening)
0216 13032,021613032,no reading for 2026-09-01 (opening)
0216 13100,021613100,no reading for 2026-09-01 (opening)
0216 13173,021613173,no reading for 2026-09-01 (opening)
0216 13231,021613231,no reading for 2026-09-01 (opening)
0216 13331,021613331,no reading for 2026-09-01 (opening)
0216 16357,021616357,no reading for 2026-09-01 (opening)
0301 00042,030100042,no reading for 2026-09-01 (opening)
0301 00585,030100585,no reading for 2026-09-01 (opening)
0301 01744,030101744,no reading for 2026-09-01 (opening)
0301 02180,030102180,no reading for 2026-09-01 (opening)
0301 02187,030102187,no reading for 2026-09-01 (opening)
0301 02211,030102211,closing < opening (consumed -1288.14) - meter replaced/rolled over?
0301 02214,030102214,no reading for 2026-09-01 (opening)
0301 0656A,03010656A,ServiceNo '0301 0656A' is not 9 digits after removing spaces
0301 0657A,03010657A,ServiceNo '0301 0657A' is not 9 digits after removing spaces
0306 00056,030600056,no reading for 2026-09-01 (opening)
0306 00071,030600071,no reading for 2026-09-01 (opening)
0306 00175,030600175,no reading for 2026-09-01 (opening)
0306 00210,030600210,no reading for 2026-09-01 (opening)
0306 00380,030600380,"increase 259.88% > 120% (opening 8.10, closing 29.15)"
0306 01121,030601121,no reading for 2026-09-01 (opening)
0306 01133,030601133,no reading for 2026-09-01 (opening)
0306 01187,030601187,no reading for 2026-09-01 (opening)
0306 01221,030601221,no reading for 2026-09-01 (opening)
0306 01406,030601406,no reading for 2026-09-01 (opening)
0306 01532,030601532,no reading for 2026-09-01 (opening)
0306 01533,030601533,no reading for 2026-09-01 (opening)
0306 01534,030601534,no reading for 2026-09-01 (opening)
0306 01535,030601535,no reading for 2026-09-01 (opening)
0306 01536,030601536,no reading for 2026-09-01 (opening)
0306 01537,030601537,no reading for 2026-09-01 (opening)
0306 01538,030601538,no reading for 2026-09-01 (opening)
0306 01539,030601539,no reading for 2026-09-01 (opening)
0306 01540,030601540,no reading for 2026-09-01 (opening)
0306 01541,030601541,no reading for 2026-09-01 (opening)
0306 01542,030601542,no reading for 2026-09-01 (opening)
0306 01543,030601543,no reading for 2026-09-01 (opening)
0306 01544,030601544,no reading for 2026-09-01 (opening)
0306 01545,030601545,no reading for 2026-09-01 (opening)
0306 01546,030601546,no reading for 2026-09-01 (opening)
0306 01547,030601547,no reading for 2026-09-01 (opening)
0306 01548,030601548,no reading for 2026-09-01 (opening)
0306 01549,030601549,no reading for 2026-09-01 (opening)
0306 01550,030601550,no reading for 2026-09-01 (opening)
0306 01552,030601552,no reading for 2026-09-01 (opening)
0306 01553,030601553,no reading for 2026-09-01 (opening)
0306 01555,030601555,no reading for 2026-09-01 (opening)
0306 01556,030601556,no reading for 2026-09-01 (opening)
0306 01557,030601557,no reading for 2026-09-01 (opening)
0306 01558,030601558,no reading for 2026-09-01 (opening)
0306 01560,030601560,no reading for 2026-09-01 (opening)
0306 01561,030601561,no reading for 2026-09-01 (opening)
0306 01562,030601562,no reading for 2026-09-01 (opening)
0306 01563,030601563,no reading for 2026-09-01 (opening)
0306 01564,030601564,no reading for 2026-09-01 (opening)
0306 01565,030601565,no reading for 2026-09-01 (opening)
0306 01566,030601566,no reading for 2026-09-01 (opening)
0306 01567,030601567,no reading for 2026-09-01 (opening)
0306 01568,030601568,no reading for 2026-09-01 (opening)
0306 01569,030601569,no reading for 2026-09-01 (opening)
0306 01570,030601570,no reading for 2026-09-01 (opening)
0306 01571,030601571,no reading for 2026-09-01 (opening)
0306 01572,030601572,no reading for 2026-09-01 (opening)
0306 01573,030601573,no reading for 2026-09-01 (opening)
0306 01574,030601574,no reading for 2026-09-01 (opening)
0306 01575,030601575,no reading for 2026-09-01 (opening)
0306 01576,030601576,no reading for 2026-09-01 (opening)
0306 01577,030601577,no reading for 2026-09-01 (opening)
0306 01579,030601579,no reading for 2026-09-01 (opening)
0306 01580,030601580,no reading for 2026-09-01 (opening)
0306 01581,030601581,no reading for 2026-09-01 (opening)
0306 01582,030601582,no reading for 2026-09-01 (opening)
0306 01583,030601583,no reading for 2026-09-01 (opening)
0306 01584,030601584,no reading for 2026-09-01 (opening)
0306 01586,030601586,no reading for 2026-09-01 (opening)
0306 01588,030601588,no reading for 2026-09-01 (opening)
0306 01589,030601589,no reading for 2026-09-01 (opening)
0306 01590,030601590,no reading for 2026-09-01 (opening)
0306 01591,030601591,no reading for 2026-09-01 (opening)
0306 01592,030601592,no reading for 2026-09-01 (opening)
0306 01593,030601593,no reading for 2026-09-01 (opening)
0306 01594,030601594,no reading for 2026-09-01 (opening)
0306 01595,030601595,no reading for 2026-09-01 (opening)
0306 01596,030601596,no reading for 2026-09-01 (opening)
0306 01598,030601598,no reading for 2026-09-01 (opening)
0306 01599,030601599,no reading for 2026-09-01 (opening)
0306 01600,030601600,no reading for 2026-09-01 (opening)
0306 01601,030601601,no reading for 2026-09-01 (opening)
0306 01602,030601602,no reading for 2026-09-01 (opening)
0306 01603,030601603,no reading for 2026-09-01 (opening)
0306 01604,030601604,no reading for 2026-09-01 (opening)
0306 01606,030601606,no reading for 2026-09-01 (opening)
0306 01607,030601607,no reading for 2026-09-01 (opening)
0306 01608,030601608,no reading for 2026-09-01 (opening)
0306 01610,030601610,no reading for 2026-09-01 (opening)
0306 01611,030601611,no reading for 2026-09-01 (opening)
0306 01612,030601612,no reading for 2026-09-01 (opening)
0306 01613,030601613,no reading for 2026-09-01 (opening)
0306 01616,030601616,no reading for 2026-09-01 (opening)
0306 01618,030601618,no reading for 2026-09-01 (opening)
0306 01619,030601619,no reading for 2026-09-01 (opening)
0306 01620,030601620,no reading for 2026-09-01 (opening)
0306 02049,030602049,no reading for 2026-09-01 (opening)
0306 02141,030602141,no reading for 2026-09-01 (opening)
0306 02249,030602249,no reading for 2026-09-01 (opening)
0306 02465,030602465,no reading for 2026-09-01 (opening)
0306 0358A,03060358A,ServiceNo '0306 0358A' is not 9 digits after removing spaces
0306 0673A,03060673A,ServiceNo '0306 0673A' is not 9 digits after removing spaces
0322 00098,032200098,no reading for 2026-09-01 (opening)
0322 00125,032200125,no reading for 2026-09-01 (opening)
0322 00178,032200178,no reading for 2026-09-01 (opening)
0322 00453,032200453,no reading for 2026-09-01 (opening)
0322 00540,032200540,no reading for 2026-09-01 (opening)
0322 00570,032200570,no reading for 2026-09-01 (opening)
0322 00615,032200615,no reading for 2026-09-01 (opening)
0322 00702,032200702,no reading for 2026-09-01 (opening)
0322 00789,032200789,no reading for 2026-09-01 (opening)
0322 00994,032200994,no reading for 2026-09-01 (opening)
0322 01015,032201015,no reading for 2026-09-01 (opening)
0322 01016,032201016,no reading for 2026-09-01 (opening)
0322 01204,032201204,no reading for 2026-09-01 (opening)
0322 01349,032201349,no reading for 2026-09-01 (opening)
0322 0826A,03220826A,ServiceNo '0322 0826A' is not 9 digits after removing spaces
0322 0828A,03220828A,ServiceNo '0322 0828A' is not 9 digits after removing spaces
